[
  {
    "id": "e244fba9-c150-4e26-8ba4-a14d1c21f8b2",
    "data": [
      {
        "text": "When do you close?",
        "userDefined": false
      }
    ],
    "isTemplate": false,
    "count": 0,
    "updated": 0
  },
  {
    "id": "b0e2f22d-9bb4-473d-8c73-916679f1912f",
    "data": [
      {
        "text": "Are you open ",
        "userDefined": false
      },
      {
        "text": "today",
        "alias": "date-time",
        "meta": "@sys.date-time",
        "userDefined": false
      },
      {
        "text": "?",
        "userDefined": false
      }
    ],
    "isTemplate": false,
    "count": 0,
    "updated": 0
  },
  {
    "id": "9fe2f1e9-a738-4ee7-9006-f40050ab4b3d",
    "data": [
      {
        "text": "Are you open right now?",
        "userDefined": false
      }
    ],
    "isTemplate": false,
    "count": 0,
    "updated": 0
  },
  {
    "id": "30ab88ce-277e-4159-8adf-92e15ae22a17",
    "data": [
      {
        "text": "What time do you open?",
        "userDefined": false
      }
    ],
    "isTemplate": false,
    "count": 0,
    "updated": 0
  }
]